,Longitud,Latitud,ID_PV,Lugar,Tipo,Materiales,Dia/Hora,Cooperativ,ID_COOP,Calle,Altura,Calle2,Direccion,Barrio,Comuna
,"-58,482,812","-34,635,466",PV-056,PLAZA CORONEL RAMON FALCON,Punto Verde Con Atenci�n,Aceite usado / Pilas/ Papel / Cart�n / Vidrio / Metal / Pl�stico / Tetra-brik / Telgopor,Mi�rcoles a Domingos de 11 a 19hs.,Cooperativa de Trabajo de Recuperadores Urbanos del Oeste,6.0,"FALCON, RAMON L.,CNEL.",,"BENEDETTI, OSVALDO E., DIP.NAC.","FALCON, RAMON L.,CNEL. y BENEDETTI, OSVALDO E., DIP.NAC.",Velez Sarsfield,Comuna 10
,"-58,375,652","-34,622,001",PV-001,PLAZA ROSARIO VERA PE�ALOZZA,Punto Verde Con Atenci�n,RAEES / Aceite usado / Pilas/ Papel / Cart�n / Vidrio / Metal / Pl�stico / Tetra-brik / Telgopor,Mi�rcoles a Domingos de 11 a 19hs.,Cooperativa de Trabajo Cartonera del Sur,3.0,SAN JUAN AV.,,CHACABUCO,SAN JUAN AV. y CHACABUCO,San Telmo,Comuna 1
,"-58,384,101","-34,598,079",PV-002,PLAZA LIBERTAD,Punto Verde Con Atenci�n,RAEES / Aceite usado / Pilas/ Papel / Cart�n / Vidrio / Metal / Pl�stico / Tetra-brik / Telgopor,Mi�rcoles a Domingos de 11 a 19hs.,Cooperativa de Trabajo Amanecer de los Cartoneros,5.0,PARAGUAY,,LIBERTAD,PARAGUAY y LIBERTAD,Retiro,Comuna 1
,"-58,380,189","-34,626,368",PV-003,PLAZA CONSTITUCION,Punto Verde Con Atenci�n,Aceite usado / Pilas/ Papel / Cart�n / Vidrio / Metal / Pl�stico / Tetra-brik / Telgopor,Mi�rcoles a Domingos de 11 a 19hs.,Cooperativa de Trabajo Amanecer de los Cartoneros,5.0,LIMA,,"GARAY, JUAN DE AV.","LIMA y GARAY, JUAN DE AV.",Constituci�n,Comuna 1
,"-58,396,524","-34,588,023",PV-004,PLAZA EMILIO MITRE,Punto Verde Con Atenci�n,RAEES / Aceite usado / Pilas/ Papel / Cart�n / Vidrio / Metal / Pl�stico / Tetra-brik / Telgopor,Mi�rcoles a Domingos de 11 a 19hs.,Cooperativa de Trabajo Amanecer de los Cartoneros,5.0,LAS HERAS GENERAL AV.,,CANTILO,LAS HERAS GENERAL AV. y CANTILO,Recoleta,Comuna 2
,"-58,391,662","-34,598,618",PV-006,PLAZA PETRONILA RODRIGUEZ,Punto Verde Con Atenci�n,RAEES / Aceite usado / Pilas/ Papel / Cart�n / Vidrio / Metal / Pl�stico / Tetra-brik / Telgopor,Mi�rcoles a Domingos de 11 a 19hs.,Cooperativa de Provisi�n de Servicios para Recolectores el Ceibo,2.0,RODRIGUEZ PE�A,,PARAGUAY,RODRIGUEZ PE�A y PARAGUAY,Recoleta,Comuna 2
,"-58,408,711","-34,626,147",PV-007,PLAZA MARTIN FIERRO,Punto Verde Con Atenci�n,RAEES / Aceite usado / Pilas/ Papel / Cart�n / Vidrio / Metal / Pl�stico / Tetra-brik / Telgopor,Mi�rcoles a Domingos de 11 a 19hs.,Cooperativa de Trabajo Amanecer de los Cartoneros,5.0,"URQUIZA, GRAL.",,COCHABAMBA,"URQUIZA, GRAL. y COCHABAMBA",San Cristobal,Comuna 3
,"-58,405,818","-34,624,226",PV-008,PLAZA VEA,Punto Verde Con Atenci�n,Aceite usado / Pilas/ Papel / Cart�n / Vidrio / Metal / Pl�stico / Tetra-brik / Telgopor,Mi�rcoles a Domingos de 11 a 19hs.,Cooperativa de Trabajo Amanecer de los Cartoneros,5.0,SAN JUAN AV.,,DEAN FUNES,SAN JUAN AV. y DEAN FUNES,San Cristobal,Comuna 3
,"-58,397,478","-34,610,681",PV-009,PLAZA 1RO DE MAYO,Punto Verde Con Atenci�n,Aceite usado / Pilas/ Papel / Cart�n / Vidrio / Metal / Pl�stico / Tetra-brik / Telgopor,Mi�rcoles a Domingos de 11 a 19hs.,Cooperativa de Trabajo de Recuperadores Urbanos del Oeste,6.0,"YRIGOYEN, HIPOLITO",,PASCO,"YRIGOYEN, HIPOLITO y PASCO",Balvanera,Comuna 3
,"-58,404,144","-34,617,043",PV-010,PLAZA DR. J. M. VELASCO IBARRA,Punto Verde Con Atenci�n,RAEES / Aceite usado / Pilas/ Papel / Cart�n / Vidrio / Metal / Pl�stico / Tetra-brik / Telgopor,Mi�rcoles a Domingos de 11 a 19hs.,Cooperativa de Trabajo Amanecer de los Cartoneros,5.0,JUJUY AV.,,MEXICO,JUJUY AV. y MEXICO,Balvanera,Comuna 3
,"-58,405,282","-34,613,422",PV-011,PLAZA MANZANA 66,Punto Verde Con Atenci�n,Aceite usado / Pilas/ Papel / Cart�n / Vidrio / Metal / Pl�stico / Tetra-brik / Telgopor,Mi�rcoles a Domingos de 11 a 19hs.,Cooperativa de Trabajo Amanecer de los Cartoneros,5.0,MORENO,,JUJUY AV.,MORENO y JUJUY AV.,Balvanera,Comuna 3
,"-58,416,374","-34,652,015",PV-013,PLAZA NUEVA POMPEYA,Punto Verde Con Atenci�n,RAEES / Aceite usado / Pilas/ Papel / Cart�n / Vidrio / Metal / Pl�stico / Tetra-brik / Telgopor,Mi�rcoles a Domingos de 11 a 19hs.,Cooperativa de Trabajo Reciclando Trabajo y Dignidad,7.0,SAENZ AV.,,TRAFUL,SAENZ AV. y TRAFUL,Pompeya,Comuna 4
,"-58,374,737","-34,637,844",PV-014,PLAZA COLOMBIA,Punto Verde Con Atenci�n,RAEES / Aceite usado / Pilas/ Papel / Cart�n / Vidrio / Metal / Pl�stico / Tetra-brik / Telgopor,Mi�rcoles a Domingos de 11 a 19hs.,Cooperativa de Trabajo Recuperador Urbano el Trebol,8.0,"MONTES DE OCA, MANUEL AV.",,BRANDSEN,"MONTES DE OCA, MANUEL AV. y BRANDSEN",Barracas,Comuna 4
,"-58,389,008","-34,651,203",PV-015,PARQUE LEONARDO PEREYRA,Punto Verde Con Atenci�n,Aceite usado / Pilas/ Papel / Cart�n / Vidrio / Metal / Pl�stico / Tetra-brik / Telgopor,Mi�rcoles a Domingos de 11 a 19hs.,Cooperativa de Trabajo Alel�,11.0,"IRIARTE, GRAL. AV.",,VELEZ SARSFIELD AV.,"IRIARTE, GRAL. AV. y VELEZ SARSFIELD AV.",Barracas,Comuna 4
,"-58,395,961","-34,635,370",PV-017,PLAZA FLORENTINO AMEGHINO,Punto Verde Con Atenci�n,Aceite usado / Pilas/ Papel / Cart�n / Vidrio / Metal / Pl�stico / Tetra-brik / Telgopor,Mi�rcoles a Domingos de 11 a 19hs.,Cooperativa de Trabajo Reciclando Trabajo y Dignidad,7.0,CASEROS AV.,,MONASTERIO,CASEROS AV. y MONASTERIO,Parque Patricios,Comuna 4
,"-58,396,549","-34,629,194",PV-018,POLO CIRCO,Punto Verde Con Atenci�n,RAEES / Aceite usado / Pilas/ Papel / Cart�n / Vidrio / Metal / Pl�stico / Tetra-brik / Telgopor,Mi�rcoles a Domingos de 11 a 19hs.,Cooperativa de Trabajo Amanecer de los Cartoneros,5.0,INCLAN,,PICHINCHA AV.,INCLAN y PICHINCHA AV.,Parque Patricios,Comuna 4
,"-58,366,908","-34,639,847",PV-020,PLAZA MATHEU,Punto Verde Con Atenci�n,RAEES / Aceite usado / Pilas/ Papel / Cart�n / Vidrio / Metal / Pl�stico / Tetra-brik / Telgopor,Mi�rcoles a Domingos de 11 a 19hs.,Cooperativa de Trabajo Recuperador Urbano el Trebol,8.0,"ARAOZ DE LAMADRID, GREGORIO, GRAL.",1050.0,,"ARAOZ DE LAMADRID, GREGORIO, GRAL. 1050",La Boca,Comuna 4
,"-58,418,358","-34,605,280",PV-021,PLAZA ALMAGRO,Punto Verde Con Atenci�n,RAEES / Aceite usado / Pilas/ Papel / Cart�n / Vidrio / Metal / Pl�stico / Tetra-brik / Telgopor,Mi�rcoles a Domingos de 11 a 19hs.,Cooperativa de Trabajo Amanecer de los Cartoneros,5.0,SARMIENTO,,BULNES,SARMIENTO y BULNES,Almagro,Comuna 5
,"-58,412,442","-34,621,881",PV-022,PLAZA BOEDO,Punto Verde Con Atenci�n,RAEES / Aceite usado / Pilas/ Papel / Cart�n / Vidrio / Metal / Pl�stico / Tetra-brik / Telgopor,Mi�rcoles a Domingos de 11 a 19hs.,Cooperativa de Trabajo Amanecer de los Cartoneros,5.0,ESTADOS UNIDOS,,SANCHEZ DE LORIA,ESTADOS UNIDOS y SANCHEZ DE LORIA,Boedo,Comuna 5
,"-5,843,474","-34,617,535",PV-024,PARQUE RIVADAVIA,Punto Verde Con Atenci�n,RAEES / Aceite usado / Pilas/ Papel / Cart�n / Vidrio / Metal / Pl�stico / Tetra-brik / Telgopor,Mi�rcoles a Domingos de 11 a 19hs.,Cooperativa de Trabajo de Recuperadores Urbanos del Oeste,6.0,RIVADAVIA AV.,,"BALCARCE, FLORENCIO","RIVADAVIA AV. y BALCARCE, FLORENCIO",Caballito,Comuna 6
,"-58,459,449","-34,613,884",PV-025,PLAZA IRLANDA,Punto Verde Con Atenci�n,RAEES / Aceite usado / Pilas/ Papel / Cart�n / Vidrio / Metal / Pl�stico / Tetra-brik / Telgopor,Mi�rcoles a Domingos de 11 a 19hs.,Cooperativa de Trabajo de Recuperadores Urbanos del Oeste,6.0,"ALVAREZ, DONATO, TTE. GRAL.",,GAONA AV.,"ALVAREZ, DONATO, TTE. GRAL. y GAONA AV.",Caballito,Comuna 6
,"-58,443,282","-34,612,301",PV-027,PLAZA AMADEO SABATTINI,Punto Verde Con Atenci�n,Aceite usado / Pilas/ Papel / Cart�n / Vidrio / Metal / Pl�stico / Tetra-brik / Telgopor,Mi�rcoles a Domingos de 11 a 19hs.,Cooperativa de Trabajo de Recuperadores Urbanos del Oeste,6.0,COLPAYO,,"VALLESE, FELIPE","COLPAYO y VALLESE, FELIPE",Caballito,Comuna 6
,"-58,432,879","-34,606,503",PV-028,PARQUE CENTENARIO,Punto Verde Con Atenci�n,RAEES / Aceite usado / Pilas/ Papel / Cart�n / Vidrio / Metal / Pl�stico / Tetra-brik / Telgopor,Mi�rcoles a Domingos de 11 a 19hs.,Cooperativa de Trabajo de Recuperadores Urbanos del Oeste,6.0,PATRICIAS ARGENTINAS AV.,,"ROENTGEN, AV.","PATRICIAS ARGENTINAS AV. y ROENTGEN, AV.",Caballito,Comuna 6
,"-58,442,808","-34,636,056",PV-029,PARQUE CHACABUCO,Punto Verde Con Atenci�n,RAEES / Aceite usado / Pilas/ Papel / Cart�n / Vidrio / Metal / Pl�stico / Tetra-brik / Telgopor,Mi�rcoles a Domingos de 11 a 19hs.,Cooperativa de Trabajo de Recuperadores Urbanos del Oeste,6.0,ASAMBLEA AV.,,PUAN,ASAMBLEA AV. y PUAN,Parque Chacabuco,Comuna 7
,"-58,464,644","-34,628,027",PV-030,PLAZA PUEYRRED�N,Punto Verde Con Atenci�n,Aceite usado / Pilas/ Papel / Cart�n / Vidrio / Metal / Pl�stico / Tetra-brik / Telgopor,Mi�rcoles a Domingos de 11 a 19hs.,Cooperativa de Trabajo de Recuperadores Urbanos del Oeste,6.0,YERBAL,,"ARTIGAS, JOSE GERVASIO, GRAL.","YERBAL y ARTIGAS, JOSE GERVASIO, GRAL.",Flores,Comuna 7
,"-58,443,326","-34,651,187",PV-031,VILLA 1.11.14,Punto Verde Con Atenci�n,Aceite usado / Pilas/ Papel / Cart�n / Vidrio / Metal / Pl�stico / Tetra-brik / Telgopor,Mi�rcoles a Domingos de 11 a 19hs.,Recuperadores de villa,,"MORENO, PERITO AV.",,VARELA AV.,"MORENO, PERITO AV. y VARELA AV.",Flores,Comuna 7
,"-58,457,716","-34,621,788",PV-032,PLAZA ANGEL GRIS,Punto Verde Con Atenci�n,RAEES / Aceite usado / Pilas/ Papel / Cart�n / Vidrio / Metal / Pl�stico / Tetra-brik / Telgopor,Mi�rcoles a Domingos de 11 a 19hs.,Cooperativa de Trabajo de Recuperadores Urbanos del Oeste,6.0,AVELLANEDA AV.,,CALCENA,AVELLANEDA AV. y CALCENA,Flores,Comuna 7
,"-58,473,904","-34,621,188",PV-033,PLAZA DE LOS PERIODISTAS,Punto Verde Con Atenci�n,RAEES / Aceite usado / Pilas/ Papel / Cart�n / Vidrio / Metal / Pl�stico / Tetra-brik / Telgopor,Mi�rcoles a Domingos de 11 a 19hs.,Cooperativa de Trabajo de Recuperadores Urbanos del Oeste,6.0,NAZCA AV.,,NEUQUEN,NAZCA AV. y NEUQUEN,Flores,Comuna 7
,"-58,454,994","-34,632,888",PV-034,PLAZA DE LA MISERICORDIA,Punto Verde Con Atenci�n,Aceite usado / Pilas/ Papel / Cart�n / Vidrio / Metal / Pl�stico / Tetra-brik / Telgopor,Mi�rcoles a Domingos de 11 a 19hs.,Cooperativa de Trabajo de Recuperadores Urbanos del Oeste,6.0,LAUTARO,,"BILBAO, FRANCISCO","LAUTARO y BILBAO, FRANCISCO",Flores,Comuna 7
,"-58,464,201","-34,634,542",PV-035,PLAZA 11 DE NOVIEMBRE,Punto Verde Con Atenci�n,Aceite usado / Pilas/ Papel / Cart�n / Vidrio / Metal / Pl�stico / Tetra-brik / Telgopor,Mi�rcoles a Domingos de 11 a 19hs.,Cooperativa de Trabajo de Recuperadores Urbanos del Oeste,6.0,DIRECTORIO AV.,,ITALIA,DIRECTORIO AV. e ITALIA,Flores,Comuna 7
,"-58,475,339","-34,687,568",PV-036,PLAZA SUDAM�RICA,Punto Verde Con Atenci�n,RAEES / Aceite usado / Pilas/ Papel / Cart�n / Vidrio / Metal / Pl�stico / Tetra-brik / Telgopor,Mi�rcoles a Domingos de 11 a 19hs.,Cooperativa de Trabajo Baires Cero,9.0,PIEDRA BUENA AV.,,"FERNANDEZ DE LA CRUZ, F., GRAL. AV.","PIEDRA BUENA AV. y FERNANDEZ DE LA CRUZ, F., GRAL. AV.",Villa Riachuelo,Comuna 8
,"-58,469,389","-34,664,989",PV-037,PLAZA CALABRIA,Punto Verde Con Atenci�n,RAEES / Aceite usado / Pilas/ Papel / Cart�n / Vidrio / Metal / Pl�stico / Tetra-brik / Telgopor,Mi�rcoles a Domingos de 11 a 19hs.,Cooperativa de Trabajo Primavera,12.0,ESCALADA AV.,,CASTA�ARES AV.,ESCALADA AV. y CASTA�ARES AV.,Villa Soldati,Comuna 8
,"-58,476,563","-34,677,592",PV-039,ESTACION LUGANO,Punto Verde Con Atenci�n,RAEES / Aceite usado / Pilas/ Papel / Cart�n / Vidrio / Metal / Pl�stico / Tetra-brik / Telgopor,Mi�rcoles a Domingos de 11 a 19hs.,Cooperativa de Trabajo Baires Cero,9.0,"GALLO, DELFIN",,"LEGUIZAMON, MARTINIANO","GALLO, DELFIN y LEGUIZAMON, MARTINIANO",Lugano,Comuna 8
,"-58,465,238","-34,683,614",PV-040,LUGANO 1 Y 2,Punto Verde Con Atenci�n,Aceite usado / Pilas/ Papel / Cart�n / Vidrio / Metal / Pl�stico / Tetra-brik / Telgopor,Mi�rcoles a Domingos de 11 a 19hs.,Cooperativa de Trabajo Baires Cero,9.0,SOLDADO DE LA FRONTERA AV.,,"OLASCOAGA, MANUEL JOSE, CNEL.","SOLDADO DE LA FRONTERA AV. y OLASCOAGA, MANUEL JOSE, CNEL.",Lugano,Comuna 8
,"-58,484,166","-34,647,066",PV-041,PLAZA DOMINGO OLIVERA,Punto Verde Con Atenci�n,Aceite usado / Pilas/ Papel / Cart�n / Vidrio / Metal / Pl�stico / Tetra-brik / Telgopor,Mi�rcoles a Domingos de 11 a 19hs.,Cooperativa de Trabajo de Recuperadores Urbanos del Oeste,6.0,OLIVERA AV.,824.0,,OLIVERA AV. 824,Parque Avellaneda,Comuna 9
,"-58,481,994","-34,643,063",PV-042,PARQUE AVELLANEDA,Punto Verde Con Atenci�n,RAEES / Aceite usado / Pilas/ Papel / Cart�n / Vidrio / Metal / Pl�stico / Tetra-brik / Telgopor,Mi�rcoles a Domingos de 11 a 19hs.,Cooperativa de Trabajo de Recuperadores Urbanos del Oeste,6.0,DIRECTORIO AV.,,FERNANDEZ,DIRECTORIO AV. y FERNANDEZ,Parque Avellaneda,Comuna 9
,"-58,526,901","-34,650,709",PV-043,PLAZA SARGENTO CABRAL,Punto Verde Con Atenci�n,RAEES / Aceite usado / Pilas/ Papel / Cart�n / Vidrio / Metal / Pl�stico / Tetra-brik / Telgopor,Mi�rcoles a Domingos de 11 a 19hs.,Cooperativa de Provisi�n de Servicios para Recolectores del Oeste,10.0,"SUAREZ, JOSE LEON",,MARTINEZ DE HOZ,"SUAREZ, JOSE LEON y MARTINEZ DE HOZ",Liniers,Comuna 9
,"-58,517,096","-34,649,551",PV-044,PARQUE SANTOJANNI,Punto Verde Con Atenci�n,RAEES / Aceite usado / Pilas/ Papel / Cart�n / Vidrio / Metal / Pl�stico / Tetra-brik / Telgopor,Mi�rcoles a Domingos de 11 a 19hs.,Cooperativa de Trabajo de Recuperadores Urbanos del Oeste,6.0,"DE LA TORRE, LISANDRO",,PATRON,"DE LA TORRE, LISANDRO y PATRON",Liniers,Comuna 9
,"-58,522,971","-34,645,712",PV-046,PLAZA SARMIENTO,Punto Verde Con Atenci�n,Aceite usado / Pilas/ Papel / Cart�n / Vidrio / Metal / Pl�stico / Tetra-brik / Telgopor,Mi�rcoles a Domingos de 11 a 19hs.,Cooperativa de Provisi�n de Servicios para Recolectores del Oeste,10.0,COSQUIN,,HUMAITA,COSQUIN y HUMAITA,Liniers,Comuna 9
,"-5,852,041","-34,657,354",PV-047,PLAZA ROMULO ZABALA,Punto Verde Con Atenci�n,RAEES / Aceite usado / Pilas/ Papel / Cart�n / Vidrio / Metal / Pl�stico / Tetra-brik / Telgopor,Mi�rcoles a Domingos de 11 a 19hs.,Cooperativa de Provisi�n de Servicios para Recolectores del Oeste,10.0,ERCILLA,7502.0,,ERCILLA 7502,Mataderos,Comuna 9
,"-58,514,521","-34,664,262",PV-048,CARREFOUR MATADEROS,Punto Verde Con Atenci�n,Aceite usado / Pilas/ Papel / Cart�n / Vidrio / Metal / Pl�stico / Tetra-brik / Telgopor,Mi�rcoles a Domingos de 11 a 19hs.,Cooperativa de Provisi�n de Servicios para Recolectores del Oeste,10.0,"PAZ, GRAL. AV.",12950.0,,"PAZ, GRAL. AV. 12950",Mataderos,Comuna 9
,"-58,520,515","-34,627,680",PV-049,PLAZA CIUDAD DE BANFF,Punto Verde Con Atenci�n,RAEES / Aceite usado / Pilas/ Papel / Cart�n / Vidrio / Metal / Pl�stico / Tetra-brik / Telgopor,Mi�rcoles a Domingos de 11 a 19hs.,Cooperativa de Trabajo de Recuperadores Urbanos del Oeste,6.0,ARREGUI AV.,,LISBOA,ARREGUI AV. y LISBOA,Versalles,Comuna 10
,"-58,508,309","-34,626,829",PV-050,PLAZA DON BOSCO,Punto Verde Con Atenci�n,RAEES / Aceite usado / Pilas/ Papel / Cart�n / Vidrio / Metal / Pl�stico / Tetra-brik / Telgopor,Mi�rcoles a Domingos de 11 a 19hs.,Cooperativa de Trabajo de Recuperadores Urbanos del Oeste,6.0,LOPE DE VEGA AV.,,"GONZALEZ, ELPIDIO","LOPE DE VEGA AV. y GONZALEZ, ELPIDIO",Monte Castro,Comuna 10
,"-5,849,847","-34,618,103",PV-051,PLAZA MONTE CASTRO,Punto Verde Con Atenci�n,Aceite usado / Pilas/ Papel / Cart�n / Vidrio / Metal / Pl�stico / Tetra-brik / Telgopor,Mi�rcoles a Domingos de 11 a 19hs.,Cooperativa de Provisi�n de Servicios para Recuperadores Urbanos el �lamo,1.0,GUALEGUAYCHU,,MIRANDA,GUALEGUAYCHU y MIRANDA,Monte Castro,Comuna 10
,"-58,507,323","-34,617,754",PV-052,PLAZA MONSE�OR FERMIN LAFITTE,Punto Verde Con Atenci�n,RAEES / Aceite usado / Pilas/ Papel / Cart�n / Vidrio / Metal / Pl�stico / Tetra-brik / Telgopor,Mi�rcoles a Domingos de 11 a 19hs.,Cooperativa de Provisi�n de Servicios para Recuperadores Urbanos el �lamo,1.0,ALLENDE,,ARREGUI,ALLENDE y ARREGUI,Monte Castro,Comuna 10
,"-58,526,396","-34,616,489",PV-053,PLAZA TOSCANERAS DE VILLA REAL,Punto Verde Con Atenci�n,RAEES / Aceite usado / Pilas/ Papel / Cart�n / Vidrio / Metal / Pl�stico / Tetra-brik / Telgopor,Mi�rcoles a Domingos de 11 a 19hs.,Cooperativa de Provisi�n de Servicios para Recuperadores Urbanos el �lamo,1.0,"LISTA, RAMON, CORONEL",,MOLIERE,"LISTA, RAMON, CORONEL y MOLIERE",Villa Real,Comuna 10
,-584832,"-34,630,558",PV-045,CARREFOUR J B JUSTO,Punto Verde Con Atenci�n,Aceite usado / Pilas/ Papel / Cart�n / Vidrio / Metal / Pl�stico / Tetra-brik / Telgopor,Mi�rcoles a Domingos de 11 a 19hs.,Cooperativa de Trabajo de Recuperadores Urbanos del Oeste,6.0,CHIVILCOY,,BOGOTA,CHIVILCOY y BOGOTA,Floresta,Comuna 10
,"-58,492,363","-34,620,032",PV-055,PLAZA CIUDAD DE UDINE,Punto Verde Con Atenci�n,Aceite usado / Pilas/ Papel / Cart�n / Vidrio / Metal / Pl�stico / Tetra-brik / Telgopor,Mi�rcoles a Domingos de 11 a 19hs.,Cooperativa de Provisi�n de Servicios para Recuperadores Urbanos el �lamo,1.0,CHIVILCOY,,CAMARONES,CHIVILCOY y CAMARONES,Floresta,Comuna 10
,"-5,848,369","-34,629,501",PV-054,PLAZA VELEZ SARSFIELD,Punto Verde Con Atenci�n,Aceite usado / Pilas/ Papel / Cart�n / Vidrio / Metal / Pl�stico / Tetra-brik / Telgopor,Mi�rcoles a Domingos de 11 a 19hs.,Cooperativa de Trabajo de Recuperadores Urbanos del Oeste,6.0,AVELLANEDA AV.,,CHIVILCOY,AVELLANEDA AV. y CHIVILCOY,Floresta,Comuna 10
,"-58,493,669","-34,628,756",PV-057,PLAZA DE LA BANDERA,Punto Verde Con Atenci�n,RAEES / Aceite usado / Pilas/ Papel / Cart�n / Vidrio / Metal / Pl�stico / Tetra-brik / Telgopor,Mi�rcoles a Domingos de 11 a 19hs.,Cooperativa de Trabajo de Recuperadores Urbanos del Oeste,6.0,"JUSTO, JUAN B. AV.",,GAONA AV.,"JUSTO, JUAN B. AV. y GAONA AV.",Velez Sarsfield,Comuna 10
,"-58,494,006","-34,605,492",PV-058,PLAZA ARISTOBULO DEL VALLE,Punto Verde Con Atenci�n,RAEES / Aceite usado / Pilas/ Papel / Cart�n / Vidrio / Metal / Pl�stico / Tetra-brik / Telgopor,Mi�rcoles a Domingos de 11 a 19hs.,Cooperativa de Provisi�n de Servicios para Recuperadores Urbanos el �lamo,1.0,CAMPANA,,BAIGORRIA,CAMPANA y BAIGORRIA,Villa del Parque,Comuna 11
,"-5,852,351","-34,613,013",PV-059,PLAZA EL MAESTRO,Punto Verde Con Atenci�n,RAEES / Aceite usado / Pilas/ Papel / Cart�n / Vidrio / Metal / Pl�stico / Tetra-brik / Telgopor,Mi�rcoles a Domingos de 11 a 19hs.,Cooperativa de Provisi�n de Servicios para Recuperadores Urbanos el �lamo,1.0,"BEIRO, FRANCISCO AV.",,"CALDERON DE LA BARCA, PEDRO","BEIRO, FRANCISCO AV. y CALDERON DE LA BARCA, PEDRO",Devoto,Comuna 11
,"-5,851,247","-34,600,628",PV-060,PLAZA ARENALES,Punto Verde Con Atenci�n,RAEES / Aceite usado / Pilas/ Papel / Cart�n / Vidrio / Metal / Pl�stico / Tetra-brik / Telgopor,Mi�rcoles a Domingos de 11 a 19hs.,Cooperativa de Provisi�n de Servicios para Recuperadores Urbanos el �lamo,1.0,MERCEDES,,NUEVA YORK,MERCEDES y NUEVA YORK,Devoto,Comuna 11
,"-5,846,859","-34,610,331",PV-061,PLAZA ROQUE SAENZ PE�A,Punto Verde Con Atenci�n,RAEES / Aceite usado / Pilas/ Papel / Cart�n / Vidrio / Metal / Pl�stico / Tetra-brik / Telgopor,Mi�rcoles a Domingos de 11 a 19hs.,Cooperativa de Trabajo Amanecer de los Cartoneros,5.0,"ESCALADA DE SAN MARTIN, R.",,BOYACA,"ESCALADA DE SAN MARTIN, R. y BOYACA",Villa General Mitre,Comuna 11
,"-58,488,119","-34,559,481",PV-062,PLAZA ALBERDI,Punto Verde Con Atenci�n,Aceite usado / Pilas/ Papel / Cart�n / Vidrio / Metal / Pl�stico / Tetra-brik / Telgopor,Mi�rcoles a Domingos de 11 a 19hs.,Cooperativa de Trabajo Las Madreselvas,4.0,"LARRALDE, CRISOLOGO AV.",,"ACHA, MARIANO, GRAL.","LARRALDE, CRISOLOGO AV. y ACHA, MARIANO, GRAL.",Saavedra,Comuna 12
,"-58,497,442","-34,553,415",PV-063,BALBIN,Punto Verde Con Atenci�n,Aceite usado / Pilas/ Papel / Cart�n / Vidrio / Metal / Pl�stico / Tetra-brik / Telgopor,Mi�rcoles a Domingos de 11 a 19hs.,Cooperativa de Trabajo Las Madreselvas,4.0,"BALBIN, RICARDO, DR. AV.",,ARIAS,"BALBIN, RICARDO, DR. AV. y ARIAS",Saavedra,Comuna 12
,"-58,476,705","-34,544,355",PV-064,PLAZA MAKENNA,Punto Verde Con Atenci�n,Aceite usado / Pilas/ Papel / Cart�n / Vidrio / Metal / Pl�stico / Tetra-brik / Telgopor,Mi�rcoles a Domingos de 11 a 19hs.,Cooperativa de Trabajo Las Madreselvas,4.0,CRAMER,,RAMALLO,CRAMER y RAMALLO,Saavedra,Comuna 12
,"-5,848,206","-34,551,784",PV-065,PARQUE SAAVEDRA 1,Punto Verde Con Atenci�n,RAEES / Aceite usado / Pilas/ Papel / Cart�n / Vidrio / Metal / Pl�stico / Tetra-brik / Telgopor,Mi�rcoles a Domingos de 11 a 19hs.,Cooperativa de Trabajo Las Madreselvas,4.0,"PEREZ, ROQUE",,PAROISSIEN,"PEREZ, ROQUE y PAROISSIEN",Saavedra,Comuna 12
,"-58,477,042","-34,550,251",PV-066,PARQUE SAAVEDRA 2,Punto Verde Con Atenci�n,Aceite usado / Pilas/ Papel / Cart�n / Vidrio / Metal / Pl�stico / Tetra-brik / Telgopor,Mi�rcoles a Domingos de 11 a 19hs.,Cooperativa de Trabajo Las Madreselvas,4.0,GARCIA DEL RIO AV.,,PINTO,GARCIA DEL RIO AV. y PINTO,Saavedra,Comuna 12
,"-58,489,558","-34,572,721",PV-067,PLAZA ECHEVERRIA,Punto Verde Con Atenci�n,RAEES / Aceite usado / Pilas/ Papel / Cart�n / Vidrio / Metal / Pl�stico / Tetra-brik / Telgopor,Mi�rcoles a Domingos de 11 a 19hs.,Cooperativa de Trabajo Amanecer de los Cartoneros,5.0,"RIVERA, PEDRO I., DR.",,BAUNESS,"RIVERA, PEDRO I., DR. y BAUNESS",Villa Urquiza,Comuna 12
,"-58,475,043","-34,572,879",PV-068,PLAZA ZAPIOLA,Punto Verde Con Atenci�n,RAEES / Aceite usado / Pilas/ Papel / Cart�n / Vidrio / Metal / Pl�stico / Tetra-brik / Telgopor,Mi�rcoles a Domingos de 11 a 19hs.,Cooperativa de Trabajo Amanecer de los Cartoneros,5.0,JURAMENTO,,DONADO,JURAMENTO y DONADO,Villa Urquiza,Comuna 12
,"-58,480,903","-34,571,140",PV-069,PLAZA MARCOS SASTRE,Punto Verde Con Atenci�n,Aceite usado / Pilas/ Papel / Cart�n / Vidrio / Metal / Pl�stico / Tetra-brik / Telgopor,Mi�rcoles a Domingos de 11 a 19hs.,Cooperativa de Trabajo Amanecer de los Cartoneros,5.0,MONROE,,MILLER,MONROE y MILLER,Villa Urquiza,Comuna 12
,"-58,504,134","-34,576,334",PV-070,PLAZA LEANDRO N ALEM,Punto Verde Con Atenci�n,RAEES / Aceite usado / Pilas/ Papel / Cart�n / Vidrio / Metal / Pl�stico / Tetra-brik / Telgopor,Mi�rcoles a Domingos de 11 a 19hs.,Cooperativa de Provisi�n de Servicios para Recuperadores Urbanos el �lamo,1.0,"ARTIGAS, JOSE GERVASIO, GRAL.",,LARSEN,"ARTIGAS, JOSE GERVASIO, GRAL. y LARSEN",Villa Pueyrredon,Comuna 12
,"-58,500,785","-34,590,060",PV-071,PLAZA MARTIN RODRIGUEZ,Punto Verde Con Atenci�n,Aceite usado / Pilas/ Papel / Cart�n / Vidrio / Metal / Pl�stico / Tetra-brik / Telgopor,Mi�rcoles a Domingos de 11 a 19hs.,Cooperativa de Provisi�n de Servicios para Recuperadores Urbanos el �lamo,1.0,HABANA,,ARGERICH,HABANA y ARGERICH,Villa Pueyrredon,Comuna 12
,"-5,843,822","-34,547,063",PV-072,FADU / CIUDAD UNIVERSITARIA,Punto Verde Con Atenci�n,Aceite usado / Pilas/ Papel / Cart�n / Vidrio / Metal / Pl�stico / Tetra-brik / Telgopor,Mi�rcoles a Domingos de 11 a 19hs.,Cooperativa de Trabajo Las Madreselvas,4.0,"GUIRALDES, INT.",2560.0,,"GUIRALDES, INT. 2560",Belgrano,Comuna 13
,"-58,465,509","-34,567,258",PV-073,PLAZA CASTELLI,Punto Verde Con Atenci�n,RAEES / Aceite usado / Pilas/ Papel / Cart�n / Vidrio / Metal / Pl�stico / Tetra-brik / Telgopor,Mi�rcoles a Domingos de 11 a 19hs.,Cooperativa de Trabajo Amanecer de los Cartoneros,5.0,JURAMENTO,,CONDE,JURAMENTO y CONDE,Belgrano,Comuna 13
,"-58,468,212","-34,546,818",PV-074,PLAZA BALCARCE,Punto Verde Con Atenci�n,Aceite usado / Pilas/ Papel / Cart�n / Vidrio / Metal / Pl�stico / Tetra-brik / Telgopor,Mi�rcoles a Domingos de 11 a 19hs.,Cooperativa de Trabajo Las Madreselvas,4.0,MANZANARES,,VUELTA DE OBLIGADO,MANZANARES y VUELTA DE OBLIGADO,Nu�ez,Comuna 13
,"-58,454,744","-34,560,925",PV-075,PLAZA MANUEL BELGRANO,Punto Verde Con Atenci�n,RAEES / Aceite usado / Pilas/ Papel / Cart�n / Vidrio / Metal / Pl�stico / Tetra-brik / Telgopor,Mi�rcoles a Domingos de 11 a 19hs.,Cooperativa de Trabajo Las Madreselvas,4.0,CUBA,,JURAMENTO AV.,CUBA y JURAMENTO AV.,Belgrano,Comuna 13
,"-58,442,327","-34,549,282",PV-076,PASEO DE LAS AMERICAS,Punto Verde Con Atenci�n,Aceite usado / Pilas/ Papel / Cart�n / Vidrio / Metal / Pl�stico / Tetra-brik / Telgopor,Mi�rcoles a Domingos de 11 a 19hs.,Cooperativa de Trabajo Las Madreselvas,4.0,RAMSAY,,BLANCO ENCALADA,RAMSAY y BLANCO ENCALADA,Belgrano,Comuna 13
,"-58,446,414","-34,580,672",PV-077,PLAZA MAFALDA,Punto Verde Con Atenci�n,RAEES / Aceite usado / Pilas/ Papel / Cart�n / Vidrio / Metal / Pl�stico / Tetra-brik / Telgopor,Mi�rcoles a Domingos de 11 a 19hs.,Cooperativa de Trabajo Amanecer de los Cartoneros,5.0,"DUMONT, SANTOS",,"MARTINEZ, ENRIQUE, GRAL.","DUMONT, SANTOS y MARTINEZ, ENRIQUE, GRAL.",Colegiales,Comuna 13
,"-58,457,594","-34,577,181",PV-078,PLAZA SAN MIGUEL DE CORICOITIS,Punto Verde Con Atenci�n,RAEES / Aceite usado / Pilas/ Papel / Cart�n / Vidrio / Metal / Pl�stico / Tetra-brik / Telgopor,Mi�rcoles a Domingos de 11 a 19hs.,Cooperativa de Trabajo Amanecer de los Cartoneros,5.0,"LORETO, VIRREY",,DELGADO,"LORETO, VIRREY y DELGADO",Colegiales,Comuna 13
,"-58,461,638","-34,548,840",PV-079,ESTACI�N NU�EZ,Punto Verde Con Atenci�n,RAEES / Aceite usado / Pilas/ Papel / Cart�n / Vidrio / Metal / Pl�stico / Tetra-brik / Telgopor,Mi�rcoles a Domingos de 11 a 19hs.,Cooperativa de Trabajo Las Madreselvas,4.0,GRECIA,,"PEDRAZA, MANUELA","GRECIA y PEDRAZA, MANUELA",Nu�ez,Comuna 13
,"-5,841,586","-34,589,078",PV-080,PLAZA GUEMES,Punto Verde Con Atenci�n,RAEES / Aceite usado / Pilas/ Papel / Cart�n / Vidrio / Metal / Pl�stico / Tetra-brik / Telgopor,Mi�rcoles a Domingos de 11 a 19hs.,Cooperativa de Provisi�n de Servicios para Recolectores el Ceibo,2.0,MEDRANO,,CHARCAS,MEDRANO y CHARCAS,Palermo,Comuna 14
,"-58,424,255","-34,588,921",PV-081,PALERMO VIEJO,Punto Verde Con Atenci�n,RAEES / Aceite usado / Pilas/ Papel / Cart�n / Vidrio / Metal / Pl�stico / Tetra-brik / Telgopor,Mi�rcoles a Domingos de 11 a 19hs.,Cooperativa de Provisi�n de Servicios para Recolectores el Ceibo,2.0,MALABIA,,NICARAGUA,MALABIA y NICARAGUA,Palermo,Comuna 14
,"-58,403,444","-34,577,763",PV-082,PLAZA REP�BLICA DEL PER�,Punto Verde Con Atenci�n,RAEES / Aceite usado / Pilas/ Papel / Cart�n / Vidrio / Metal / Pl�stico / Tetra-brik / Telgopor,Mi�rcoles a Domingos de 11 a 19hs.,Cooperativa de Provisi�n de Servicios para Recolectores el Ceibo,2.0,"FIGUEROA ALCORTA, PRES. AV.",3400.0,,"FIGUEROA ALCORTA, PRES. AV. 3400",Palermo,Comuna 14
,"-58,410,542","-34,583,134",PV-083,PARQUE LAS HERAS,Punto Verde Con Atenci�n,RAEES / Aceite usado / Pilas/ Papel / Cart�n / Vidrio / Metal / Pl�stico / Tetra-brik / Telgopor,Mi�rcoles a Domingos de 11 a 19hs.,Cooperativa de Provisi�n de Servicios para Recolectores el Ceibo,2.0,"SALGUERO, JERONIMO",2450.0,,"SALGUERO, JERONIMO 2450",Palermo,Comuna 14
,"-5,844,865","-34,592,646",PV-084,PARQUE LOS ANDES,Punto Verde Con Atenci�n,Aceite usado / Pilas/ Papel / Cart�n / Vidrio / Metal / Pl�stico / Tetra-brik / Telgopor,Mi�rcoles a Domingos de 11 a 19hs.,Cooperativa de Trabajo Amanecer de los Cartoneros,5.0,DORREGO AV.,,GUZMAN,DORREGO AV. y GUZMAN,Chacarita,Comuna 15
,"-5,845,483","-34,584,231",PV-085,FOREST Y TEODORO GARC�A,Punto Verde Con Atenci�n,Aceite usado / Pilas/ Papel / Cart�n / Vidrio / Metal / Pl�stico / Tetra-brik / Telgopor,Mi�rcoles a Domingos de 11 a 19hs.,Cooperativa de Trabajo Amanecer de los Cartoneros,5.0,FOREST AV.,,"GARCIA, TEODORO","FOREST AV. y GARCIA, TEODORO",Chacarita,Comuna 15
,"-58,463,297","-34,580,680",PV-087,PLAZA 25 DE AGOSTO,Punto Verde Con Atenci�n,RAEES / Aceite usado / Pilas/ Papel / Cart�n / Vidrio / Metal / Pl�stico / Tetra-brik / Telgopor,Mi�rcoles a Domingos de 11 a 19hs.,Cooperativa de Trabajo Amanecer de los Cartoneros,5.0,CHARLONE,,HEREDIA,CHARLONE y HEREDIA,Villa Ortuzar,Comuna 15
,"-58,484,957","-34,587,952",PV-088,PLAZA NOBEL,Punto Verde Con Atenci�n,RAEES / Aceite usado / Pilas/ Papel / Cart�n / Vidrio / Metal / Pl�stico / Tetra-brik / Telgopor,Mi�rcoles a Domingos de 11 a 19hs.,Cooperativa de Provisi�n de Servicios para Recuperadores Urbanos el �lamo,1.0,BUCAREST,,HAMBURGO,BUCAREST y HAMBURGO,Parque Chas,Comuna 15
,"-58,444,663","-34,604,898",PV-089,PLAZA BENITO NAZAR,Punto Verde Con Atenci�n,RAEES / Aceite usado / Pilas/ Papel / Cart�n / Vidrio / Metal / Pl�stico / Tetra-brik / Telgopor,Mi�rcoles a Domingos de 11 a 19hs.,Cooperativa de Trabajo Amanecer de los Cartoneros,5.0,ANTEZANA,,OLAYA,ANTEZANA y OLAYA,Villa Crespo,Comuna 15
